Temperature,Humidity
81.87076923076923,51.86615384615384
79.16714285714285,57.47785714285714
78.65739130434783,57.62173913043478
